City ID,City,Country,Lat,Lng,Max Temp,Humidity,Cloudiness,Wind Speed,Current Description
0,Saint-Philippe,RE,-21.3585,55.7679,66.22,80,31,11.12,scattered clouds
1,Katobu,ID,-4.9408,122.5276,71.38,92,100,2.59,overcast clouds
2,Canchungo,GW,12.0672,-16.0333,78.93,86,100,5.37,light rain
3,Studenka,CZ,49.7234,18.0785,72.99,66,0,5.01,clear sky
4,Puerto Ayora,EC,-0.7393,-90.3518,76.96,80,47,8.01,scattered clouds
5,Jiazi,CN,22.8779,116.067,80.06,86,100,9.31,moderate rain
6,Avarua,CK,-21.2078,-159.775,77.05,73,40,18.41,scattered clouds
7,Vanimo,PG,-2.6741,141.3028,76.32,88,100,3.91,overcast clouds
8,San-Pedro,CI,4.7485,-6.6363,74.28,77,87,7.14,overcast clouds
9,Camapua,BR,-19.5314,-54.0439,91.76,18,48,8.75,scattered clouds
10,Kruisfontein,ZA,-34.0033,24.7314,52.36,91,57,4.0,broken clouds
11,Rikitea,PF,-23.1203,-134.9692,71.06,71,97,19.28,overcast clouds
12,Carnarvon,AU,-24.8667,113.6333,60.69,57,58,15.17,broken clouds
13,Port Alfred,ZA,-33.5906,26.891,60.66,79,48,5.12,scattered clouds
14,Berlevag,NO,70.8578,29.0864,62.6,82,40,9.22,scattered clouds
15,Neyshabur,IR,36.2133,58.7958,77.54,21,2,2.46,clear sky
16,Shuangcheng,CN,45.35,126.2833,76.68,96,100,17.76,overcast clouds
17,Plymouth,US,41.8334,-70.8328,94.95,59,0,16.11,clear sky
18,Albany,US,42.6001,-73.9662,102.16,50,32,8.61,scattered clouds
19,Codrington,AU,-38.2667,141.9667,48.06,90,94,11.81,overcast clouds
20,Ushuaia,AR,-54.8,-68.3,42.46,65,75,3.44,broken clouds
21,Harper,LR,4.375,-7.7169,74.64,78,100,6.87,overcast clouds
22,Augusto Correa,BR,-1.0217,-46.635,80.4,81,81,5.7,broken clouds
23,Breves,BR,-1.6822,-50.4803,85.41,61,70,2.71,broken clouds
24,Vaini,TO,-21.2,-175.2,77.16,83,75,6.91,broken clouds
25,Kang,BW,-23.6752,22.7876,56.91,39,0,7.58,clear sky
26,Emerald,AU,-23.5333,148.1667,57.34,100,0,0.0,clear sky
27,Sao Filipe,CV,14.8961,-24.4956,77.25,83,84,8.57,broken clouds
28,Upernavik,GL,72.7868,-56.1549,44.17,71,100,7.94,overcast clouds
29,Sao Felix Do Xingu,BR,-6.6447,-51.995,96.94,24,28,2.01,scattered clouds
30,Busselton,AU,-33.65,115.3333,51.64,75,100,5.61,overcast clouds
31,Bredasdorp,ZA,-34.5322,20.0403,49.82,92,96,5.68,overcast clouds
32,Ostrovnoy,RU,68.0531,39.5131,63.34,80,89,17.38,overcast clouds
33,Vila Franca Do Campo,PT,37.7167,-25.4333,75.61,85,93,7.14,light rain
34,Yerbogachen,RU,61.2767,108.0108,50.99,90,100,0.85,overcast clouds
35,New Norfolk,AU,-42.7826,147.0587,44.91,67,43,2.73,scattered clouds
36,Takoradi,GH,4.8845,-1.7554,74.35,75,100,7.02,overcast clouds
37,Nikolskoye,RU,59.7035,30.7861,66.09,65,22,4.59,few clouds
38,Pevek,RU,69.7008,170.3133,36.34,96,100,5.08,light rain
39,Kedrovyy,RU,56.1667,91.8167,50.41,92,100,6.93,overcast clouds
40,Kahului,US,20.8947,-156.47,84.22,61,40,11.5,scattered clouds
41,Vestmanna,FO,62.1564,-7.1664,47.32,81,75,16.11,light rain
42,Hilo,US,19.7297,-155.09,87.28,68,0,5.75,clear sky
43,Barrow,US,71.2906,-156.7887,56.25,61,88,17.16,overcast clouds
44,East London,ZA,-33.0153,27.9116,64.67,71,100,4.29,overcast clouds
45,Khalkhal,IR,37.6189,48.5258,64.13,72,0,4.97,clear sky
46,Cape Town,ZA,-33.9258,18.4232,55.9,87,20,9.22,few clouds
47,Saldanha,ZA,-33.0117,17.9442,46.45,82,70,6.17,broken clouds
48,Sungaipenuh,ID,-2.0833,101.3833,64.26,97,99,1.01,overcast clouds
49,Atuona,PF,-9.8,-139.0333,77.65,68,23,17.09,few clouds
50,Hithadhoo,MV,-0.6,73.0833,81.5,68,100,11.21,overcast clouds
51,Collie,AU,-33.3667,116.15,47.07,75,100,3.31,overcast clouds
52,Iqaluit,CA,63.7506,-68.5145,44.33,87,100,4.61,overcast clouds
53,Mataura,NZ,-46.1927,168.8643,57.47,91,100,5.17,moderate rain
54,Emba,KZ,48.8264,58.1442,75.16,35,82,15.12,broken clouds
55,Luwuk,ID,-0.9516,122.7875,74.21,77,51,4.79,broken clouds
56,Bluff,NZ,-46.6,168.3333,57.79,69,100,20.29,overcast clouds
57,Castro,BR,-24.7911,-50.0119,73.38,46,72,8.32,broken clouds
58,Preobrazheniye,RU,42.9019,133.9064,71.08,98,100,2.51,overcast clouds
59,Le Vauclin,MQ,14.5452,-60.8388,84.25,70,40,16.11,scattered clouds
60,Mareeba,AU,-17.0,145.4333,65.44,92,44,1.9,scattered clouds
61,Alofi,NU,-19.0595,-169.9187,78.69,69,40,11.5,scattered clouds
62,Vardo,NO,70.3705,31.1107,55.38,88,0,4.61,clear sky
63,Hailar,CN,49.2,119.7,58.48,87,95,17.05,overcast clouds
64,Krasnyy Kholm,RU,58.0607,37.1203,65.37,67,21,3.74,few clouds
65,Ribeira Grande,PT,38.5167,-28.7,77.4,88,40,3.44,scattered clouds
66,Nanortalik,GL,60.1432,-45.2371,46.69,87,100,4.41,overcast clouds
67,Mabaruma,GY,8.2,-59.7833,74.55,99,100,3.8,overcast clouds
68,Visnes,NO,59.3556,5.2242,55.45,71,75,5.75,broken clouds
69,Sungairaya,ID,0.7,108.9,76.19,91,100,5.79,moderate rain
70,Souillac,MU,-20.5167,57.5167,70.18,73,20,12.66,light rain
71,Provideniya,RU,64.3833,-173.3,51.91,93,100,8.99,overcast clouds
72,Asifabad,IN,19.3667,79.2833,77.58,92,100,3.09,overcast clouds
73,Tasiilaq,GL,65.6145,-37.6368,41.16,85,100,2.1,overcast clouds
74,Bengkulu,ID,-3.8004,102.2655,73.85,90,97,2.98,overcast clouds
75,Narsaq,GL,60.9167,-46.05,52.02,87,99,2.64,overcast clouds
76,Alice Springs,AU,-23.7,133.8833,49.55,71,20,6.91,few clouds
77,Conop,RO,46.1,21.8833,78.4,40,0,2.57,clear sky
78,Padang,ID,-0.9492,100.3543,77.05,81,100,3.24,overcast clouds
79,Chardara,KZ,41.2547,67.9692,77.95,38,100,7.36,overcast clouds
80,Hermanus,ZA,-34.4187,19.2345,48.79,77,100,6.6,overcast clouds
81,Yamaranguila,HN,14.2833,-88.25,70.75,60,75,4.61,broken clouds
82,Butaritari,KI,3.0707,172.7902,81.39,76,100,10.56,overcast clouds
83,Punta Arenas,CL,-53.15,-70.9167,42.82,87,75,4.61,broken clouds
84,Hobart,AU,-42.8794,147.3294,45.27,87,0,5.75,clear sky
85,Linkou,CN,45.3,130.2833,70.65,88,100,4.47,overcast clouds
86,Chifeng,CN,42.2683,118.9636,70.93,82,0,7.18,clear sky
87,San Patricio,US,28.017,-97.5169,100.17,41,15,20.54,few clouds
88,Kaitangata,NZ,-46.2817,169.8464,50.47,74,100,8.7,light rain
89,Georgetown,MY,5.4112,100.3354,80.89,88,20,0.0,few clouds
90,Koygorodok,RU,60.445,50.9968,61.57,80,82,2.68,broken clouds
91,Kutum,SD,14.2,24.6667,80.26,51,66,2.55,broken clouds
92,Lokosovo,RU,61.1333,74.8167,59.95,67,26,7.2,scattered clouds
93,Thompson,CA,55.7435,-97.8558,68.16,40,75,5.75,broken clouds
94,Chokurdakh,RU,70.6333,147.9167,44.35,73,100,13.53,overcast clouds
95,Longyearbyen,SJ,78.2186,15.6401,46.65,94,100,0.96,overcast clouds
96,Talcahuano,CL,-36.7167,-73.1167,55.08,71,75,8.05,broken clouds
97,Macheng,CN,31.1783,115.0319,81.05,80,0,3.13,clear sky
98,Bethel,US,41.3712,-73.414,97.65,54,0,9.22,clear sky
99,Kasongo-Lunda,CD,-6.4667,16.8167,82.53,37,51,1.23,broken clouds
100,Victoria,HK,22.2855,114.1577,78.94,94,100,7.0,moderate rain
101,Xai-Xai,MZ,-25.0519,33.6442,67.23,67,7,6.6,clear sky
102,Warah,PK,27.4481,67.7978,94.51,50,6,9.46,clear sky
103,Port Pirie,AU,-33.1833,138.0167,53.1,70,63,17.45,broken clouds
104,Te Anau,NZ,-45.4167,167.7167,48.96,82,100,10.94,overcast clouds
105,Bandarbeyla,SO,9.4942,50.8122,77.23,79,66,30.24,broken clouds
106,Sioux Lookout,CA,50.1001,-91.917,68.07,56,75,3.44,broken clouds
107,Mar Del Plata,AR,-38.0023,-57.5575,50.09,76,75,10.36,broken clouds
108,Bharatpur,IN,27.2167,77.4833,87.57,66,96,5.84,overcast clouds
109,Coahuayana,MX,18.7333,-103.6833,92.73,55,17,7.02,few clouds
110,Kudahuvadhoo,MV,2.6708,72.8944,81.07,78,100,17.98,overcast clouds
111,Chapais,CA,49.7834,-74.8492,62.38,34,8,7.31,clear sky
112,Mahebourg,MU,-20.4081,57.7,70.09,73,20,12.66,few clouds
113,West Memphis,US,35.1465,-90.1845,86.65,70,20,0.0,few clouds
114,Bogorodskoye,RU,56.55,37.8833,66.83,65,57,5.55,broken clouds
115,Kapaa,US,22.0752,-159.319,82.72,70,20,9.22,few clouds
116,Dalaba,GN,10.7,-12.25,62.83,98,100,1.63,overcast clouds
117,Champerico,GT,14.3,-91.9167,91.94,74,99,6.87,overcast clouds
118,Beringovskiy,RU,63.05,179.3167,54.09,62,0,5.73,clear sky
119,Barbate,ES,36.1924,-5.9219,75.13,80,0,2.62,clear sky
120,Gravdal,NO,68.1214,13.5031,55.29,82,75,13.8,broken clouds
121,Airai,TL,-8.9266,125.4092,55.15,80,10,1.83,clear sky
122,Hovd,MN,48.0056,91.6419,65.35,50,77,6.06,broken clouds
123,Strezhevoy,RU,60.7333,77.5889,59.2,67,66,4.81,broken clouds
124,Baiyin,CN,36.5583,104.2081,71.87,72,18,4.85,few clouds
125,Opmeer,NL,52.7067,4.9444,69.01,73,43,1.01,scattered clouds
126,Yatou,CN,37.15,122.3833,77.74,96,5,6.62,clear sky
127,Panzhihua,CN,26.5851,101.7128,69.71,96,100,1.61,overcast clouds
128,Chongwe,ZM,-15.3292,28.682,61.05,53,0,3.62,clear sky
129,Puebloviejo,CO,10.9938,-74.2844,91.58,62,40,12.66,scattered clouds
130,Deputatskiy,RU,69.3,139.9,42.13,69,9,0.92,clear sky
131,Abu Zabad,SD,12.35,29.25,81.3,61,99,6.85,overcast clouds
132,Saint Anthony,US,45.0205,-93.218,86.94,40,0,6.91,clear sky
133,Seoul,KR,37.5683,126.9778,80.17,91,75,1.14,broken clouds
134,La Asuncion,VE,11.0333,-63.8628,80.62,77,96,13.42,overcast clouds
135,Karlskrona,SE,56.1616,15.5866,72.05,81,88,2.48,overcast clouds
136,Baykit,RU,61.67,96.37,43.52,95,100,4.03,overcast clouds
137,Kavieng,PG,-2.5744,150.7967,81.91,77,100,13.02,light rain
138,Arraial Do Cabo,BR,-22.9661,-42.0278,75.16,78,0,9.22,clear sky
139,Yellowknife,CA,62.456,-114.3525,64.92,45,40,9.22,scattered clouds
140,Antofagasta,CL,-23.65,-70.4,58.28,71,45,8.81,scattered clouds
141,Nyurba,RU,63.2842,118.3319,50.0,96,100,8.3,moderate rain
142,Tual,ID,-5.6667,132.75,79.61,85,100,8.3,overcast clouds
143,Biak,ID,-0.9131,122.8766,73.67,76,55,6.04,broken clouds
144,Chuy,UY,-33.6971,-53.4616,52.99,95,100,15.86,overcast clouds
145,Miyako,JP,39.6367,141.9525,66.33,90,98,3.67,overcast clouds
146,Grand-Santi,GF,4.25,-54.3833,82.09,67,91,2.19,overcast clouds
147,Praia Da Vitoria,PT,38.7333,-27.0667,77.76,88,75,3.53,thunderstorm with light rain
148,Port Hedland,AU,-20.3167,118.5667,55.45,76,4,1.14,clear sky
149,San Cristobal,VE,7.7669,-72.225,82.58,50,51,6.6,broken clouds
150,Ancud,CL,-41.8697,-73.8203,44.22,64,100,4.97,overcast clouds
151,Beloha,MG,-25.1667,45.05,69.89,63,76,5.08,broken clouds
152,Grand Gaube,MU,-20.0064,57.6608,70.2,74,26,8.01,light rain
153,Muros,ES,42.7762,-9.0603,71.69,74,99,20.11,overcast clouds
154,Hami,CN,42.8,93.45,88.39,18,86,12.28,overcast clouds
155,Port Elizabeth,ZA,-33.918,25.5701,57.61,83,12,4.23,few clouds
156,Saskylakh,RU,71.9167,114.0833,53.33,71,100,4.92,overcast clouds
157,Hasaki,JP,35.7333,140.8333,72.28,91,100,16.6,overcast clouds
158,Coruripe,BR,-10.1256,-36.1756,73.81,78,15,9.35,few clouds
159,Chiredzi,ZW,-21.05,31.6667,65.8,51,0,4.74,clear sky
160,Umm Kaddadah,SD,13.6017,26.6876,89.02,40,61,12.33,broken clouds
161,Ust-Omchug,RU,61.15,149.6333,61.25,75,100,5.91,overcast clouds
162,Chirongui,YT,-12.9319,45.1483,75.13,73,2,8.5,clear sky
163,Tuktoyaktuk,CA,69.4541,-133.0374,66.2,45,75,6.91,broken clouds
164,Jieshi,CN,22.8134,115.8257,81.07,84,100,11.16,overcast clouds
165,Pisco,PE,-13.7,-76.2167,66.02,77,20,10.36,few clouds
166,Kodiak,US,57.79,-152.4072,60.31,72,20,5.75,few clouds
167,Rocha,UY,-34.4833,-54.3333,50.5,90,100,14.94,overcast clouds
168,Kieta,PG,-6.2167,155.6333,80.49,79,97,3.38,light rain
169,Lavrentiya,RU,65.5833,-171.0,49.84,89,97,8.39,light rain
170,Srednekolymsk,RU,67.45,153.6833,50.76,54,20,9.08,few clouds
171,Vung Tau,VN,10.346,107.0843,78.06,81,100,15.41,light rain
172,Namatanai,PG,-3.6667,152.4333,79.41,79,89,7.38,overcast clouds
173,Bonthe,SL,7.5264,-12.505,76.73,86,98,9.37,light rain
174,Waingapu,ID,-9.6567,120.2641,69.91,78,5,4.41,clear sky
175,Batsfjord,NO,70.6345,29.7185,58.78,77,97,4.61,overcast clouds
176,Masindi,UG,1.6744,31.715,67.1,69,49,3.74,scattered clouds
177,Tukrah,LY,32.5341,20.5791,79.81,77,0,6.24,clear sky
178,Jamestown,US,42.097,-79.2353,85.17,59,0,5.75,clear sky
179,Ushtobe,KZ,45.2514,77.9838,66.7,65,39,2.35,scattered clouds
180,Saint-Pierre,RE,-21.3393,55.4781,66.9,81,0,6.91,clear sky
181,Norman Wells,CA,65.282,-126.8329,73.44,40,40,6.91,scattered clouds
182,Samarai,PG,-10.6167,150.6667,79.43,85,45,11.9,scattered clouds
183,Port Lincoln,AU,-34.7333,135.8667,52.57,80,55,14.63,broken clouds
184,Mount Isa,AU,-20.7333,139.5,71.37,60,79,5.75,broken clouds
185,Cascais,PT,38.6979,-9.4215,71.46,72,40,18.01,scattered clouds
186,Shenzhen,CN,22.5455,114.0683,78.84,95,100,13.98,light rain
187,Awjilah,LY,29.1081,21.2869,84.52,42,0,13.98,clear sky
188,Pilibanga,IN,29.4916,74.079,86.81,68,96,6.22,overcast clouds
189,Huarmey,PE,-10.0681,-78.1522,68.23,70,47,12.44,scattered clouds
190,Fort Nelson,CA,58.8053,-122.7002,60.39,72,75,9.22,broken clouds
191,Yulara,AU,-25.2406,130.9889,48.07,46,0,8.75,clear sky
192,Khorramshahr,IR,30.4397,48.1664,105.76,13,1,9.22,clear sky
193,Ketchikan,US,55.3422,-131.6461,64.87,63,0,9.22,clear sky
194,Sitka,US,57.0531,-135.33,60.69,77,100,5.75,overcast clouds
195,Aklavik,CA,68.2191,-135.0107,73.4,56,20,6.91,haze
196,Saurimo,AO,-9.6608,20.3916,68.65,30,6,5.3,clear sky
197,Belmonte,BR,-15.8631,-38.8828,71.35,81,21,7.07,few clouds
198,Charters Towers,AU,-20.1,146.2667,60.87,96,23,6.87,few clouds
199,San Quintin,MX,30.4833,-115.95,75.72,72,25,17.22,scattered clouds
200,Dingle,PH,10.9995,122.6711,75.65,92,100,1.66,moderate rain
201,Veraval,IN,20.9,70.3667,82.11,84,100,8.41,overcast clouds
202,Dunda,TZ,-8.1167,34.25,59.59,65,3,4.14,clear sky
203,Kargasok,RU,59.0556,80.8572,54.32,73,22,6.29,few clouds
204,Santo Tomas,PH,14.1079,121.1414,75.56,97,100,2.98,heavy intensity rain
205,Luderitz,NA,-26.6481,15.1594,56.34,78,1,11.36,clear sky
206,Cabo San Lucas,MX,22.8909,-109.9124,94.6,60,0,11.5,clear sky
207,Puerto Palomas,MX,31.7667,-107.6167,90.21,30,1,3.0,clear sky
208,Puerto Cabezas,NI,14.0351,-83.3888,78.76,94,40,11.5,scattered clouds
209,Magaria,NE,12.9983,8.9099,81.84,63,98,10.49,overcast clouds
210,Hernani,ES,43.2662,-1.9762,73.81,82,100,5.75,overcast clouds
211,Ghanzi,BW,-21.5667,21.7833,59.2,20,0,6.06,clear sky
212,Cao Bang,VN,22.6667,106.25,76.26,98,100,0.65,overcast clouds
213,Bedum,NL,53.3008,6.6028,67.1,76,44,8.19,scattered clouds
214,Tiksi,RU,71.6872,128.8694,46.51,68,92,0.36,overcast clouds
215,Halifax,CA,44.6453,-63.5724,84.09,80,75,14.97,fog
216,Miri,MY,4.4148,114.0089,75.34,94,40,0.0,scattered clouds
217,Gisors,FR,49.2818,1.7801,67.28,79,100,6.64,overcast clouds
218,Marawi,PH,7.9986,124.2928,69.31,91,100,2.28,overcast clouds
219,Bardiyah,LY,31.7561,25.0865,78.28,72,0,8.01,clear sky
220,Tres Picos,MX,15.8667,-93.5333,87.24,63,29,5.59,scattered clouds
221,Rawson,AR,-43.3002,-65.1023,47.41,47,51,23.15,broken clouds
222,Touros,BR,-5.1989,-35.4608,78.17,78,22,13.42,few clouds
223,Inta,RU,66.0317,60.1659,56.01,69,40,8.7,scattered clouds
224,Tocopilla,CL,-22.092,-70.1979,63.64,72,32,6.55,scattered clouds
225,Gat,IL,31.61,34.7642,83.39,100,0,5.1,clear sky
226,Tres Marias,MX,19.0522,-99.2431,72.09,35,53,3.31,broken clouds
227,Catarama,EC,-1.5833,-79.4667,84.07,61,70,3.98,light rain
228,Severo-Kurilsk,RU,50.6789,156.125,54.63,83,74,11.27,broken clouds
229,Cherskiy,RU,68.75,161.3,44.1,85,100,8.21,overcast clouds
230,Denpasar,ID,-8.65,115.2167,74.86,94,20,3.44,few clouds
231,Talnakh,RU,69.4865,88.3972,61.21,80,99,6.62,overcast clouds
232,Lata,PT,40.1629,-8.3327,66.81,95,55,2.42,broken clouds
233,Lompoc,US,34.6391,-120.4579,94.78,54,0,11.5,clear sky
234,Port Augusta,AU,-32.5,137.7667,47.53,75,7,11.61,clear sky
235,Pitimbu,BR,-7.4706,-34.8086,79.39,79,3,11.83,clear sky
236,Cordoba,AR,-31.4135,-64.1811,66.76,56,20,8.05,few clouds
237,Mahibadhoo,MV,3.7833,72.9667,80.71,81,100,19.55,overcast clouds
238,Chivay,PE,-15.6383,-71.6011,54.73,29,77,10.29,broken clouds
239,Acapulco,MX,16.8634,-99.8901,87.62,70,20,12.66,few clouds
240,Wake Forest,US,35.9799,-78.5097,97.65,55,40,3.44,scattered clouds
241,Lagoa,PT,39.05,-27.9833,75.7,80,2,3.36,light rain
242,Tomatlan,MX,19.9333,-105.25,93.31,53,57,10.67,broken clouds
243,Mogzon,RU,51.7435,111.9606,48.2,89,49,4.29,scattered clouds
244,Hofn,IS,64.2539,-15.2082,50.88,69,51,11.07,broken clouds
245,Rey Bouba,CM,8.6724,14.1786,75.18,91,99,3.24,overcast clouds
246,Namibe,AO,-15.1961,12.1522,61.68,83,0,6.91,clear sky
247,Dikson,RU,73.5069,80.5464,44.13,100,100,9.89,light rain
248,Pangnirtung,CA,66.1451,-65.7125,51.8,71,75,10.36,broken clouds
249,Singaraja,ID,-8.112,115.0882,74.77,74,11,4.7,few clouds
250,Lagos,NG,6.5833,3.75,79.12,84,100,6.51,overcast clouds
251,Chilca,PE,-12.5211,-76.7372,62.47,80,98,6.73,overcast clouds
252,Khani,GE,41.9563,42.9566,67.57,98,85,1.86,overcast clouds
253,Denizli,TR,37.8402,29.0698,81.18,53,6,3.56,clear sky
254,San Antonio,US,29.4241,-98.4936,105.06,32,20,13.8,few clouds
255,Aswan,EG,24.0934,32.907,99.7,18,0,6.91,clear sky
256,Honiara,SB,-9.4333,159.95,79.48,80,45,4.65,scattered clouds
257,Auray,FR,47.6703,-2.9918,66.88,69,49,16.22,scattered clouds
258,Stalowa Wola,PL,50.5829,22.0533,72.86,62,8,1.01,clear sky
259,Porto Novo,BJ,6.4965,2.6036,75.02,77,100,7.0,overcast clouds
260,Balkanabat,TM,39.5108,54.3671,92.62,23,0,9.08,clear sky
261,Ilulissat,GL,69.2167,-51.1,44.62,100,100,10.36,overcast clouds
262,Coquimbo,CL,-29.9533,-71.3436,60.53,67,0,11.5,clear sky
263,Rivera,UY,-30.9053,-55.5508,52.27,93,100,12.77,overcast clouds
264,North Myrtle Beach,US,33.816,-78.68,90.01,79,0,12.66,clear sky
265,Saint-Joseph,RE,-21.3667,55.6167,65.21,79,36,10.54,scattered clouds
266,Cravo Norte,CO,6.3017,-70.2041,82.18,72,98,1.57,overcast clouds
267,Zaysan,KZ,47.4667,84.8667,64.22,61,91,3.49,overcast clouds
268,Nazas,MX,25.2333,-104.1333,94.8,23,21,5.26,few clouds
269,Nuuk,GL,64.1835,-51.7216,48.81,76,75,36.82,light intensity shower rain
270,Poum,NC,-20.2333,164.0167,74.16,84,2,8.63,clear sky
271,Beyneu,KZ,45.3167,55.2,83.07,37,1,7.07,clear sky
272,Half Moon Bay,US,37.4636,-122.4286,93.42,63,0,9.22,haze
273,Prince George,CA,53.9166,-122.753,56.64,86,75,5.75,broken clouds
274,Labuhan,ID,-6.8844,112.2051,73.74,84,3,9.17,clear sky
275,Gazanjyk,TM,39.2446,55.5154,90.72,20,0,4.92,clear sky
276,Esperance,AU,-33.8667,121.9,54.57,75,92,19.26,overcast clouds
277,Lucea,JM,18.451,-78.1736,84.85,73,96,12.75,overcast clouds
278,Oranjemund,NA,-28.55,16.4333,53.22,88,0,8.3,clear sky
279,Isangel,VU,-19.55,169.2667,77.13,81,1,4.97,clear sky
280,Adre,TD,13.4667,22.2,76.01,76,99,7.43,overcast clouds
281,Srandakan,ID,-7.9386,110.2506,72.41,89,51,3.91,broken clouds
282,Ranong,TH,9.9658,98.6348,79.54,86,100,9.75,overcast clouds
283,Okitipupa,NG,6.5047,4.7839,71.4,93,99,2.13,overcast clouds
284,Vikulovo,RU,56.8167,70.6107,58.08,80,64,3.15,broken clouds
285,Kloulklubed,PW,7.0419,134.2556,73.9,73,100,8.61,overcast clouds
286,Mae Sot,TH,16.7167,98.5667,76.42,98,100,2.68,overcast clouds
287,Spas-Demensk,RU,54.4122,34.0226,63.19,96,67,5.59,broken clouds
288,Kipushi,CD,-11.7667,27.2333,62.47,45,0,4.61,clear sky
289,Tessalit,ML,20.1986,1.0114,97.93,12,1,7.29,clear sky
290,Hutchinson,US,38.0608,-97.9298,93.15,43,0,10.36,clear sky
291,Sambava,MG,-14.2667,50.1667,66.04,87,7,9.42,light rain
292,Alassio,IT,44.0039,8.1671,85.3,55,0,1.99,clear sky
293,Abu Dhabi,AE,24.4667,54.3667,95.11,58,0,4.61,clear sky
294,Channel-Port Aux Basques,CA,47.5702,-59.1367,69.13,86,95,6.46,overcast clouds
295,Qaanaaq,GL,77.484,-69.3632,44.98,57,6,3.71,clear sky
296,Hayvoron,UA,48.3396,29.8679,65.39,86,7,6.73,clear sky
297,Phek,IN,25.6667,94.5,61.84,99,98,0.78,overcast clouds
298,Kisangani,CD,0.5167,25.2,72.41,89,28,2.13,scattered clouds
299,Bataysk,RU,47.1398,39.7518,79.88,50,30,5.5,scattered clouds
300,Winneba,GH,5.3511,-0.6231,73.4,78,92,9.15,overcast clouds
301,Rancho Palos Verdes,US,33.7445,-118.387,89.98,79,75,13.8,broken clouds
302,Sorong,ID,-0.8833,131.25,77.95,84,100,0.74,light rain
303,Ulaangom,MN,49.9811,92.0667,61.05,60,29,5.86,scattered clouds
304,Christchurch,NZ,-43.5333,172.6333,46.42,76,82,2.3,broken clouds
305,Lucapa,AO,-8.4192,20.7447,72.28,27,4,1.07,clear sky
306,Gulu,UG,2.7746,32.299,67.48,80,99,2.1,overcast clouds
307,Orlik,RU,52.5178,99.825,45.82,82,36,1.77,scattered clouds
308,Honningsvag,NO,70.9821,25.9704,56.95,82,100,10.36,overcast clouds
309,Santa Rosa,PH,14.3122,121.1114,77.09,96,100,4.5,heavy intensity rain
310,San Vicente,AR,-26.6167,-54.1333,63.28,85,70,6.51,broken clouds
311,Henties Bay,NA,-22.116,14.2845,53.98,93,9,6.2,clear sky
312,Brae,GB,60.3964,-1.353,50.77,78,17,7.78,few clouds
313,Eureka,US,40.8021,-124.1637,75.2,76,7,5.99,clear sky
314,Port Hardy,CA,50.6996,-127.4199,60.98,72,75,10.36,broken clouds
315,Bambous Virieux,MU,-20.3428,57.7575,70.05,73,20,12.66,few clouds
316,Saint George,US,37.1041,-113.5841,98.8,29,0,18.41,clear sky
317,Bima,ID,-8.4667,118.7167,71.46,93,17,3.87,few clouds
318,Chernelytsya,UA,48.8121,25.4248,69.6,65,91,3.96,overcast clouds
319,Argostolion,GR,38.1811,20.489,84.27,58,0,6.91,clear sky
320,Kaifeng,CN,34.7911,114.3483,81.64,79,0,7.2,clear sky
321,Guerrero Negro,MX,27.9769,-114.0611,80.31,54,1,16.28,clear sky
322,Olafsvik,IS,64.8945,-23.7142,50.25,71,2,10.49,clear sky
323,Albenga,IT,44.0529,8.216,85.42,55,0,4.0,clear sky
324,Kalabo,ZM,-14.97,22.6814,63.37,32,0,6.38,clear sky
325,Vadlapudi,IN,14.3167,79.8,81.61,75,88,4.23,overcast clouds
326,Hambantota,LK,6.1241,81.1185,78.96,77,100,20.27,overcast clouds
327,Husavik,IS,66.0449,-17.3389,45.64,85,81,7.56,broken clouds
328,Kjollefjord,NO,70.9457,27.3465,62.42,72,0,9.22,clear sky
329,Sarkand,KZ,45.41,79.9186,66.56,54,69,5.57,broken clouds
330,Saint-Francois,FR,46.4154,3.9054,78.24,53,0,8.05,clear sky
331,Havre-Saint-Pierre,CA,50.2334,-63.5986,66.56,82,100,8.05,overcast clouds
332,Zyryanka,RU,65.75,150.85,48.45,88,100,9.62,overcast clouds
333,Salalah,OM,17.0151,54.0924,78.89,94,100,2.3,light intensity drizzle
334,Lebu,CL,-37.6167,-73.65,50.7,66,99,5.3,overcast clouds
335,Sovetskiy,RU,61.3614,63.5842,62.4,63,37,4.81,scattered clouds
336,Sao Joao Da Barra,BR,-21.6403,-41.0511,77.09,82,49,18.32,scattered clouds
337,Angoche,MZ,-16.2325,39.9086,71.73,83,0,4.81,clear sky
338,Catalina,US,32.5056,-110.9211,92.89,44,20,3.0,few clouds
339,Krasnoselkup,RU,65.7,82.4667,56.98,64,61,9.82,broken clouds
340,Wanaka,NZ,-44.7,169.15,45.03,91,100,9.6,light rain
341,Aknada,RU,42.4016,46.1723,56.62,89,65,4.7,broken clouds
342,Hamilton,US,39.1834,-84.5333,84.52,79,40,5.75,scattered clouds
343,Fairbanks,US,64.8378,-147.7164,73.49,52,20,5.75,few clouds
344,Urumqi,CN,43.801,87.6005,77.95,36,0,4.47,clear sky
345,Faanui,PF,-16.4833,-151.75,77.4,78,44,25.23,light rain
346,Susehri,TR,40.1644,38.0867,69.58,60,63,2.98,broken clouds
347,Ambon,ID,-3.6954,128.1814,78.24,14,40,8.05,scattered clouds
348,Namtsy,RU,62.7161,129.6658,63.73,92,91,4.54,overcast clouds
349,Kayes,ML,14.0,-11.0,77.41,79,100,1.43,overcast clouds
350,Baoro,CF,5.6667,15.9667,68.97,93,100,2.1,overcast clouds
351,Le Mars,US,42.7942,-96.1656,87.31,51,0,6.91,clear sky
352,Kampene,CD,-3.6,26.6667,70.68,52,3,2.21,clear sky
353,Thai Nguyen,VN,21.5928,105.8442,76.78,95,100,2.06,overcast clouds
354,Houston,US,29.7633,-95.3633,103.33,44,40,9.22,scattered clouds
355,Klaksvik,FO,62.2266,-6.589,49.12,77,97,18.48,overcast clouds
356,Klyuchi,RU,52.2667,79.1667,58.05,56,0,8.3,clear sky
357,Quatre Cocos,MU,-20.2078,57.7625,69.91,71,19,16.35,few clouds
358,Sola,VU,-13.8833,167.55,81.19,72,14,15.99,few clouds
359,Mpulungu,ZM,-8.7623,31.1141,71.78,48,0,9.6,clear sky
360,Cap Malheureux,MU,-19.9842,57.6142,67.46,75,18,7.0,light rain
361,Hasanabad,IR,36.5465,61.0543,79.65,23,0,5.91,clear sky
362,Cabedelo,BR,-6.9811,-34.8339,79.47,82,14,12.19,few clouds
363,Nantucket,US,41.2835,-70.0995,84.31,89,75,11.5,mist
364,Exaplatanos,GR,40.9772,22.125,77.22,35,1,6.17,clear sky
365,Mill Valley,US,37.906,-122.545,92.05,80,14,11.99,few clouds
366,Oktyabrskiy,RU,54.4815,53.471,68.11,63,98,2.37,overcast clouds
367,Nabire,ID,-3.3667,135.4833,75.06,92,86,2.64,overcast clouds
368,San Buenaventura,MX,27.0833,-101.5333,100.47,30,40,9.22,scattered clouds
369,Sao Jose Da Coroa Grande,BR,-8.8978,-35.1478,75.2,79,4,10.0,clear sky
370,Khatanga,RU,71.9667,102.5,53.24,75,89,5.14,overcast clouds
371,Sakaiminato,JP,35.55,133.2333,78.78,94,75,6.91,broken clouds
372,Lannion,FR,48.75,-3.4167,61.68,70,0,6.91,clear sky
373,Talara,PE,-4.5772,-81.2719,79.56,61,0,11.5,clear sky
374,Odweyne,SO,9.4092,45.064,72.91,52,18,16.24,few clouds
375,Bubaque,GW,11.2833,-15.8333,79.9,81,100,12.15,overcast clouds
376,Kombai,IN,9.8333,77.3167,73.09,90,100,12.41,overcast clouds
377,Yershov,RU,51.3513,48.2766,75.42,43,26,9.37,scattered clouds
378,Heihe,CN,50.2441,127.4902,70.38,97,100,19.86,light rain
379,Zalantun,CN,48.0,122.7167,66.13,83,24,14.47,few clouds
380,Tuatapere,NZ,-46.1333,167.6833,53.56,64,100,9.64,overcast clouds
381,Fortuna,US,40.5982,-124.1573,74.93,71,20,14.97,few clouds
382,Torbay,CA,47.6666,-52.7314,79.75,72,75,13.8,broken clouds
383,Aripuana,BR,-9.1667,-60.6333,93.11,33,73,1.72,broken clouds
384,Deep River,CA,46.1001,-77.4995,85.95,43,4,10.13,clear sky
385,Dekar,BW,-21.5333,21.9333,58.51,22,0,5.12,clear sky
386,Sao Francisco,BR,-15.9486,-44.8644,79.0,27,1,2.42,clear sky
387,Inverness,GB,57.4791,-4.224,53.98,77,40,11.5,scattered clouds
388,Artyom,AZ,40.4723,50.333,78.94,65,0,13.11,clear sky
389,Alamosa,US,37.4695,-105.87,76.98,44,20,11.5,few clouds
390,Santiago Del Estero,AR,-27.7951,-64.2615,69.46,38,5,6.22,clear sky
391,Acarau,BR,-2.8856,-40.12,78.48,75,11,16.26,few clouds
392,West Wendover,US,40.7391,-114.0733,92.41,22,0,10.36,clear sky
393,Svetlyy,RU,54.675,20.1347,71.96,67,62,9.37,broken clouds
394,Iralaya,HN,15.0,-83.2333,81.43,75,100,10.0,overcast clouds
395,Santa Cruz Del Sur,CU,20.7147,-77.9956,87.49,56,100,8.43,overcast clouds
396,Rantepao,ID,-2.9701,119.8978,64.42,96,54,1.66,broken clouds
397,Mayumba,GA,-3.432,10.6554,68.68,91,46,7.38,scattered clouds
398,Itaituba,BR,-4.2761,-55.9836,93.36,49,20,5.75,few clouds
399,Wasilla,US,61.5814,-149.4394,66.06,70,40,4.61,scattered clouds
400,Caravelas,BR,-17.7125,-39.2481,69.89,77,20,5.55,few clouds
401,Pacific Grove,US,36.6177,-121.9166,83.34,73,0,8.01,clear sky
402,Pauri,IN,30.15,78.7833,68.0,95,100,2.64,overcast clouds
403,Geraldton,AU,-28.7667,114.6,46.81,100,83,8.05,broken clouds
404,Maracacume,BR,-2.0428,-45.9592,75.61,91,61,3.13,moderate rain
405,Juneau,US,58.3019,-134.4197,62.83,90,100,6.91,overcast clouds
406,Tafresh,IR,34.692,50.013,78.69,22,0,8.79,clear sky
407,Katsuura,JP,35.1333,140.3,73.42,92,100,14.97,overcast clouds
408,Comodoro Rivadavia,AR,-45.8667,-67.5,53.46,28,0,20.71,clear sky
409,Hauzenberg,DE,48.65,13.6333,73.29,64,7,3.78,clear sky
410,Nouadhibou,MR,20.931,-17.0347,75.18,83,100,8.05,overcast clouds
411,Den Helder,NL,52.9599,4.7593,66.02,79,100,5.99,overcast clouds
412,Taoudenni,ML,22.6783,-3.9836,100.96,22,37,6.67,scattered clouds
413,Mackay,AU,-21.15,149.2,65.68,92,4,2.82,clear sky
414,Chumikan,RU,54.7183,135.315,53.33,99,100,7.56,light rain
415,Maniitsoq,GL,65.4167,-52.9,41.92,96,100,26.89,light rain
416,Macau,MO,22.2006,113.5461,80.33,94,40,4.61,light intensity shower rain
417,Mount Gambier,AU,-37.8333,140.7667,44.73,96,92,6.49,overcast clouds
418,Sabinas Hidalgo,MX,26.5,-100.1667,105.1,20,11,14.05,few clouds
419,Gizo,SB,-8.103,156.8419,82.11,74,9,5.99,clear sky
420,Morro Bay,US,35.3658,-120.8499,96.39,42,84,11.01,broken clouds
421,Bulungu,CD,-4.55,18.6,87.48,33,88,3.18,overcast clouds
422,Merauke,ID,-8.4667,140.3333,75.94,92,76,8.08,broken clouds
423,Tazovskiy,RU,67.4667,78.7,53.85,82,100,11.34,overcast clouds
424,Shenjiamen,CN,29.9576,122.298,83.19,86,1,18.3,clear sky
425,Menongue,AO,-14.6585,17.691,63.36,38,10,5.12,clear sky
426,Goundi,TD,9.3627,17.366,72.59,92,95,2.73,overcast clouds
427,Vila Velha,BR,-20.3297,-40.2925,78.75,76,0,14.97,clear sky
428,Paamiut,GL,61.994,-49.6678,44.85,90,100,14.85,light rain
429,Altay,CN,47.8667,88.1167,62.31,52,47,3.49,scattered clouds
430,Mbanza-Ngungu,CD,-5.25,14.8667,74.32,54,0,7.45,clear sky
431,Cidreira,BR,-30.1811,-50.2056,68.38,77,47,6.96,scattered clouds
432,Macroom,IE,51.9,-8.95,57.27,79,98,9.24,overcast clouds
433,Banikoara,BJ,11.2985,2.4386,73.72,90,99,3.18,light rain
434,Zemio,CF,5.0314,25.1361,69.44,97,100,3.51,light rain
435,Farah,AF,32.5,62.5,82.02,19,0,3.67,clear sky
436,Hukuntsi,BW,-24.0,21.75,57.43,43,0,9.48,clear sky
437,Praia,CV,14.9215,-23.5087,79.34,73,75,12.66,broken clouds
438,Vostok,RU,46.4856,135.8833,63.18,91,100,3.71,overcast clouds
439,Mogadishu,SO,2.0371,45.3438,76.01,84,58,19.15,light rain
440,Nikki,BJ,9.9401,3.2108,70.97,95,60,5.08,broken clouds
441,Vengerovo,RU,55.6848,76.7471,55.27,79,11,4.38,few clouds
442,Arys,KZ,42.4252,68.795,76.01,36,71,6.49,broken clouds
443,Laem Sing,TH,12.4816,102.0738,83.14,87,100,7.45,moderate rain
444,Sur,OM,22.5667,59.5289,84.92,69,98,13.24,overcast clouds
445,Buala,SB,-8.145,159.5921,81.59,72,59,7.94,broken clouds
446,Rong Kwang,TH,18.339,100.3174,73.49,98,100,1.99,overcast clouds
447,Badin,PK,24.656,68.8384,84.96,69,30,12.1,scattered clouds
448,Buraydah,SA,26.326,43.975,100.85,21,36,5.41,scattered clouds
449,Abilene,US,32.4487,-99.7331,104.07,24,0,4.61,clear sky
450,Napier,NZ,-39.4833,176.9167,42.28,90,0,1.01,clear sky
451,Havelock,US,34.8791,-76.9013,89.58,75,0,14.97,clear sky
452,Kalaleh,IR,37.3807,55.4916,80.96,70,0,3.4,clear sky
453,Mweka,CD,-4.85,21.5667,76.46,30,3,2.89,clear sky
454,Gushikawa,JP,26.3544,127.8686,81.63,89,0,0.0,clear sky
455,High Level,CA,58.5169,-117.136,69.91,37,75,6.91,broken clouds
456,Cap-Chat,CA,49.1001,-66.6821,66.2,94,100,0.0,overcast clouds
457,Butembo,CD,0.15,29.2833,58.14,84,47,2.75,scattered clouds
458,Gambissara,SN,13.2382,-14.3108,76.77,92,100,2.84,light rain
459,Okakarara,NA,-20.5833,17.4333,56.57,23,1,3.78,clear sky
460,Ust-Charyshskaya Pristan,RU,52.3934,83.6635,50.77,81,7,6.33,clear sky
461,Xining,CN,36.6167,101.7667,59.59,91,25,2.35,scattered clouds
462,Oktyabrskoye,RU,43.0645,44.7417,69.94,53,1,8.95,light rain
463,Sattahip,TH,12.6664,100.9007,82.49,74,40,9.22,moderate rain
464,Bhavnagar,IN,21.7667,72.15,84.29,77,100,7.94,moderate rain
465,Hualmay,PE,-11.0964,-77.6139,65.71,72,38,11.99,scattered clouds
466,Phan Thiet,VN,10.9333,108.1,77.0,90,100,8.32,overcast clouds
467,Shingu,JP,33.7333,135.9833,76.75,89,2,3.85,clear sky
468,Gloversville,US,43.0528,-74.3438,84.97,100,0,4.61,clear sky
469,Nanganga,TZ,-10.3833,39.15,64.17,89,0,4.27,clear sky
470,Meulaboh,ID,4.1363,96.1285,76.06,75,100,2.86,overcast clouds
471,Bone,DE,51.9669,12.1396,81.82,53,78,11.39,broken clouds
472,Barcelos,PT,41.5388,-8.6151,74.91,85,7,1.95,clear sky
473,Meru,KE,0.0463,37.6559,60.89,78,96,7.92,overcast clouds
474,Lasa,IT,46.6166,10.7002,76.08,82,56,2.13,broken clouds
475,Perth,AU,-31.9333,115.8333,42.98,96,92,0.0,mist
476,Sorland,NO,67.667,12.6934,53.46,76,74,11.86,broken clouds
477,Lorengau,PG,-2.0226,147.2712,81.55,80,100,8.99,overcast clouds
478,Khandagayty,RU,50.7333,92.05,55.24,61,17,8.25,few clouds
479,Makakilo City,US,21.3469,-158.0858,82.15,60,40,9.22,scattered clouds
480,Tilaran,CR,10.4703,-84.9671,75.07,86,77,7.18,broken clouds
481,Tautira,PF,-17.7333,-149.15,76.24,80,96,27.18,light rain
482,Balsas,BR,-7.5325,-46.0356,90.45,29,62,5.64,broken clouds
483,Dehri,IN,24.8667,84.1833,84.29,71,91,5.28,overcast clouds
484,Flin Flon,CA,54.7682,-101.865,66.04,59,100,8.05,overcast clouds
485,Chake Chake,TZ,-5.2459,39.7666,71.29,83,3,7.45,clear sky
486,Matiri,TZ,-10.75,34.9,54.97,66,3,3.42,clear sky
487,Cihuatlan,MX,19.2366,-104.5651,87.48,58,75,11.5,broken clouds
488,Warri,NG,5.5167,5.75,76.12,79,100,5.68,overcast clouds
489,Lincoln,US,40.8,-96.667,96.15,40,0,7.29,clear sky
490,Mazyr,BY,52.0495,29.2456,65.01,89,7,6.98,clear sky
491,Keflavik,IS,64.0049,-22.5624,54.03,71,0,12.66,clear sky
492,Leningradskiy,RU,69.3833,178.4167,37.08,96,100,8.81,overcast clouds
493,Fereydunshahr,IR,32.941,50.121,73.0,29,76,4.59,broken clouds
494,Hurghada,EG,27.2574,33.8129,91.44,40,0,4.61,clear sky
495,Ambanja,MG,-13.6833,48.45,69.33,77,52,3.04,broken clouds
496,Micheweni,TZ,-4.9667,39.8333,72.7,82,2,9.73,clear sky
497,Jiayuguan,CN,39.8167,98.3,77.31,31,14,1.72,few clouds
498,Totness,SR,5.8833,-56.3167,80.89,78,100,10.42,overcast clouds
499,Naze,JP,28.3667,129.4833,77.92,84,100,8.14,overcast clouds
500,Diban,SY,35.0365,40.5167,97.03,19,1,9.08,clear sky
501,Miyang,CN,24.4042,103.4428,65.68,96,100,5.03,overcast clouds
502,Moa,CU,20.6569,-74.9403,84.15,72,100,9.84,overcast clouds
503,Dortyol,TR,36.8616,36.2289,78.55,74,0,2.04,clear sky
504,Jalu,LY,29.0331,21.5482,84.9,41,0,13.85,clear sky
505,Xingyi,CN,24.1877,102.817,63.28,95,100,2.68,overcast clouds
506,Port-Gentil,GA,-0.7193,8.7815,74.25,76,90,17.16,overcast clouds
507,Auki,SB,-8.7676,160.7034,80.35,77,77,3.71,broken clouds
508,Yago,MX,21.8333,-105.0667,95.9,45,54,7.45,broken clouds
509,Goure,NE,13.9835,10.2704,81.01,50,91,6.46,overcast clouds
510,Mitsamiouli,KM,-11.3847,43.2844,75.51,67,0,6.22,clear sky
511,Helong,CN,42.5397,128.9972,70.41,93,95,4.74,overcast clouds
512,Uri,IN,34.0833,74.0333,69.19,88,25,1.88,scattered clouds
513,Payo,ID,-3.7508,103.6372,70.79,98,94,1.39,moderate rain
514,Vestmannaeyjar,IS,63.4427,-20.2734,53.29,73,3,19.48,clear sky
515,Santa Maria,BR,-29.6842,-53.8069,69.1,68,40,21.85,scattered clouds
516,Port Shepstone,ZA,-30.7414,30.455,64.96,83,29,7.76,scattered clouds
517,Marsa Matruh,EG,31.3525,27.2453,80.8,69,0,6.91,clear sky
518,Ponta Do Sol,PT,32.6667,-17.1,74.71,78,4,8.08,clear sky
519,Sistranda,NO,63.7256,8.834,51.76,78,100,13.33,overcast clouds
520,Egvekinot,RU,66.3167,-179.1667,48.11,84,90,3.2,light rain
521,Viedma,AR,-40.8135,-62.9967,47.57,46,43,7.76,scattered clouds
522,Copiapo,CL,-27.3667,-70.3333,62.29,22,79,3.67,broken clouds
523,Raychikhinsk,RU,49.7838,129.4121,68.76,96,100,16.6,moderate rain
524,San Carlos De Bariloche,AR,-41.1456,-71.3082,40.75,52,40,18.41,scattered clouds
525,Lagunas,PE,-5.2269,-75.6753,78.21,85,100,2.21,overcast clouds
526,Neiafu,TO,-18.65,-173.9833,77.68,78,75,11.5,broken clouds
527,Conde,BR,-7.2597,-34.9075,78.26,78,20,11.5,few clouds
528,Lima,PE,-12.0432,-77.0282,61.05,72,75,5.75,broken clouds
529,Mao,ES,39.8885,4.2658,81.16,69,0,3.44,clear sky
530,Ciro Marina,IT,39.3732,17.126,81.37,53,0,1.36,clear sky
531,Dom Pedrito,BR,-30.9828,-54.6731,52.92,95,100,12.41,overcast clouds
532,Tori,EE,58.4825,24.8152,66.11,77,46,5.14,scattered clouds
533,Isla Vista,US,34.4133,-119.861,95.0,58,0,6.91,clear sky
534,San Blas,MX,21.5167,-105.2667,96.69,64,63,8.25,broken clouds
535,Kiunga,PG,-6.1219,141.2906,73.11,100,93,0.81,overcast clouds
536,Aksarka,RU,66.5606,67.7975,57.47,77,13,6.06,few clouds
537,Wana,PK,32.2989,69.5725,78.3,66,5,1.88,clear sky
538,San Policarpo,PH,12.1791,125.5072,76.53,88,100,6.42,light rain
539,Calvinia,ZA,-31.4707,19.776,48.96,72,1,1.99,clear sky
540,Cayenne,GF,4.9333,-52.3333,86.04,30,0,12.66,clear sky
541,Luyang,CN,27.6239,110.0989,76.23,88,14,1.97,few clouds
542,Bungu,TZ,-7.6337,39.0582,65.97,94,1,3.06,clear sky
543,Neepawa,CA,50.2289,-99.4664,82.8,41,0,10.31,clear sky
544,Inhambane,MZ,-23.865,35.3833,66.78,84,0,7.72,clear sky
545,Waling,NP,27.9833,83.7667,72.23,97,99,0.87,light rain
546,Coihaique,CL,-45.5752,-72.0662,42.75,52,20,4.61,few clouds
547,Karratha,AU,-20.7377,116.8463,61.68,45,1,9.95,clear sky
548,Broome,US,42.2506,-75.833,75.2,70,100,6.91,moderate rain
549,Wajima,JP,37.4,136.9,77.31,89,31,3.24,scattered clouds
550,Marzuq,YE,14.4,46.4667,81.0,55,86,5.01,overcast clouds
551,Clyde River,CA,70.4692,-68.5914,44.83,87,75,19.57,broken clouds
552,Rajgarh,IN,28.6333,75.3833,85.19,69,60,6.04,broken clouds
553,Rudbar,AF,30.15,62.6,89.46,18,0,14.18,clear sky
554,Shimoda,JP,34.6667,138.95,73.11,91,92,11.95,overcast clouds
555,Hammerfest,NO,70.6634,23.6821,55.85,88,75,4.61,broken clouds
556,Aykhal,RU,66.0,111.5,43.21,96,100,12.71,light rain
557,Sonoita,MX,31.85,-112.8333,93.56,31,100,4.43,overcast clouds
558,Dumka,IN,24.2667,87.25,80.37,87,47,4.29,scattered clouds
559,Skjervoy,NO,70.0311,20.9714,55.4,87,62,6.71,broken clouds
560,Gladstone,AU,-23.85,151.25,60.73,94,100,4.61,overcast clouds
561,Sarahan,IN,31.5167,77.8,63.79,91,74,1.07,broken clouds
562,Tiarei,PF,-17.5333,-149.3333,77.0,79,84,28.83,light rain
563,Ola,RU,59.5833,151.2833,57.15,94,100,9.37,overcast clouds
564,Onokhoy,RU,51.932,108.0747,60.55,87,86,3.44,overcast clouds
565,Dogondoutchi,NE,13.6393,4.0287,82.13,62,68,8.19,broken clouds
566,Itamaraca,BR,-7.7478,-34.8256,78.85,79,3,10.0,clear sky
567,Orichi,RU,58.4036,49.0572,65.37,72,87,0.85,overcast clouds
568,Mikhaylovsk,RU,45.1283,42.0256,80.82,34,75,17.9,broken clouds
569,Maceio,BR,-9.6658,-35.7353,78.24,78,75,9.22,broken clouds
570,Iranshahr,IR,27.2025,60.6848,97.14,15,0,6.91,clear sky
571,Taltal,CL,-25.4,-70.4833,62.76,63,90,5.79,overcast clouds
572,Plettenberg Bay,ZA,-34.0527,23.3716,55.96,85,100,2.75,overcast clouds
573,Barranca,PE,-10.75,-77.7667,64.17,74,32,12.93,scattered clouds
574,Kiyasovo,RU,56.3491,53.1244,65.97,66,73,2.55,broken clouds
575,Kintampo,GH,8.0563,-1.7306,73.36,78,100,6.29,overcast clouds
576,Vizinga,RU,61.0749,50.1031,58.96,72,38,2.53,scattered clouds
577,Bosaso,SO,11.2842,49.1816,91.18,41,41,18.19,scattered clouds
578,Mayo,US,38.8876,-76.5119,98.49,67,0,5.01,clear sky
579,Claveria,PH,18.6074,121.0832,78.96,87,95,8.72,overcast clouds
580,Diego De Almagro,CL,-26.3667,-70.05,71.58,11,65,6.24,broken clouds
581,Nagato,JP,34.3833,131.2,79.75,86,1,8.34,clear sky
582,Kailua,US,21.4022,-157.7394,83.61,69,40,8.05,scattered clouds
583,Iisalmi,FI,63.5592,27.1907,57.43,90,89,5.1,overcast clouds
584,Cockburn Town,TC,21.4612,-71.1419,85.96,66,40,14.97,scattered clouds
585,Okato,NZ,-39.2,173.8833,51.62,90,47,6.91,scattered clouds
586,Kununurra,AU,-15.7667,128.7333,64.38,88,74,3.44,broken clouds
587,Mocuba,MZ,-16.8392,36.9856,63.84,91,0,2.21,clear sky
588,Tulu Bolo,ET,8.6667,38.2167,58.03,89,83,6.38,light rain
589,Santarem,BR,-2.4431,-54.7083,87.93,66,20,11.5,few clouds
590,Nhulunbuy,AU,-12.2333,136.7667,77.61,88,100,5.75,overcast clouds
591,Bundaberg,AU,-24.85,152.35,60.22,99,40,1.14,scattered clouds
592,Bismarck,US,46.8083,-100.7837,99.64,24,0,13.8,clear sky
593,Los Llanos De Aridane,ES,28.6585,-17.9182,72.12,85,75,18.41,broken clouds
594,Jaguariaiva,BR,-24.2511,-49.7058,69.37,50,4,3.22,light rain
595,Cap-Aux-Meules,CA,47.3821,-61.8597,77.05,65,20,16.11,few clouds
596,Dwarka,IN,22.2394,68.9678,82.27,78,100,9.06,overcast clouds
597,Dunedin,NZ,-45.8742,170.5036,56.12,56,100,13.11,overcast clouds
598,Moose Factory,CA,51.2585,-80.6094,69.8,43,75,11.5,broken clouds
599,Moron,AR,-34.6534,-58.6198,53.8,64,100,5.7,overcast clouds
600,Bilma,NE,18.6853,12.9164,96.13,29,2,11.61,clear sky
601,Japura,ID,-0.3167,102.35,73.56,99,100,1.34,light rain
602,Troitsko-Pechorsk,RU,62.7084,56.1964,59.68,85,79,4.0,broken clouds
603,Ferkessedougou,CI,9.6,-5.2,73.83,89,99,5.99,overcast clouds
604,Aberdeen,GB,57.1437,-2.0981,54.54,78,65,5.75,broken clouds
605,Whitefish,US,48.4111,-114.3376,83.1,21,0,17.27,clear sky
606,Vanavara,RU,60.34,102.2797,50.97,94,96,2.44,light rain
607,Tumba,SE,59.1986,17.8332,71.51,70,42,12.66,scattered clouds
608,Iracoubo,GF,5.4802,-53.2011,81.25,78,15,11.34,few clouds
609,Puerto Madryn,AR,-42.7692,-65.0385,49.14,41,41,20.15,scattered clouds
610,Laukaa,RU,58.7372,29.8453,62.35,74,20,3.0,few clouds
611,Murgab,TM,37.4966,61.9714,78.67,36,0,6.91,clear sky
612,Uige,AO,-7.6087,15.0613,69.12,64,41,2.98,scattered clouds
613,Ornskoldsvik,SE,63.2909,18.7153,61.75,82,95,4.61,overcast clouds
614,Kommunisticheskiy,RU,61.6789,64.4819,61.83,62,32,5.23,scattered clouds
615,Teguise,ES,29.0605,-13.564,70.02,78,20,26.46,few clouds
616,Olinda,BR,-8.0089,-34.8553,78.53,73,75,14.97,broken clouds
617,Canatlan,MX,24.5167,-104.7833,83.44,30,96,9.08,overcast clouds
618,Portland,US,45.5234,-122.6762,76.15,59,75,6.91,broken clouds
619,Khash,IR,28.2211,61.2158,80.37,18,0,7.81,clear sky
620,Rio Gallegos,AR,-51.6226,-69.2181,41.05,87,75,10.36,broken clouds
621,Panlaitan,PH,12.1191,119.8486,80.26,83,100,8.14,overcast clouds
622,Mujiayingzi,CN,42.1167,118.7833,69.42,83,0,7.87,clear sky
623,Znamenka,RU,52.4167,41.4311,68.88,65,99,7.05,overcast clouds
624,Magistralnyy,RU,56.1725,107.4458,47.64,91,18,2.04,few clouds
625,Ixtapa,MX,20.7,-105.2,91.22,62,40,9.22,scattered clouds
626,Kanye,BW,-24.9667,25.3327,53.4,42,0,6.55,clear sky
627,Mishelevka,RU,52.8575,103.1719,52.2,95,37,5.44,scattered clouds
628,Najran,SA,17.4924,44.1277,83.05,80,98,8.34,overcast clouds
629,Qui Nhon,VN,13.7667,109.2333,79.75,80,100,5.19,overcast clouds
630,Erenhot,CN,43.6475,111.9767,71.17,60,0,4.81,clear sky
631,Baculin,PH,7.4525,126.5842,77.09,87,100,2.89,overcast clouds
632,Ruwi,OM,23.5996,58.5507,89.29,69,45,7.47,scattered clouds
633,Rotifunk,SL,8.2333,-12.6833,73.38,97,100,3.0,light rain
634,Saint-Augustin,CA,51.226,-58.6502,64.2,88,93,17.4,overcast clouds
635,Yumen,CN,40.2833,97.2,79.03,30,70,6.87,broken clouds
636,Puerto Escondido,MX,15.85,-97.0667,88.63,55,40,11.5,scattered clouds
637,San Angelo,US,31.4638,-100.437,103.89,24,0,7.0,clear sky
638,Maningrida,AU,-12.0667,134.2667,70.43,96,42,5.48,scattered clouds
639,Huambo,AO,-12.7761,15.7392,66.54,37,51,2.64,broken clouds
640,Durango,MX,24.8333,-104.8333,84.16,28,71,9.28,broken clouds
641,Beyla,GN,8.6833,-8.6333,67.32,98,97,2.75,moderate rain
642,Madang,PG,-5.2246,145.7966,76.24,92,100,3.58,overcast clouds
643,Zhigansk,RU,66.7697,123.3711,48.18,60,100,21.41,overcast clouds
644,Powell River,CA,49.8496,-124.5361,71.08,63,20,9.22,few clouds
645,Santa Cruz,BO,-17.8,-63.1667,81.86,47,75,16.11,broken clouds
646,Basqal,AZ,40.7552,48.391,68.72,61,7,4.38,clear sky
647,Camalu,MX,30.85,-116.0667,78.87,67,65,14.38,broken clouds
648,Peniche,PT,39.3558,-9.3811,68.29,90,92,19.42,overcast clouds
649,College,US,64.8569,-147.8028,73.47,52,20,5.75,few clouds
650,Algarrobo,CO,10.1869,-74.5753,84.36,70,99,9.95,overcast clouds
651,Waipawa,NZ,-41.4122,175.5153,46.83,84,36,8.19,scattered clouds
652,Calabozo,VE,8.9242,-67.4293,81.18,82,100,4.07,overcast clouds
653,Lishu,CN,43.3047,124.3278,72.5,95,82,14.85,broken clouds
654,Malakal,SS,9.5334,31.6605,72.46,91,99,4.79,overcast clouds
655,Ewa Beach,US,21.3156,-158.0072,83.57,60,40,9.22,scattered clouds
656,Nanakuli,US,21.3906,-158.1547,83.57,57,40,9.22,scattered clouds
657,Sechura,PE,-5.5569,-80.8222,74.3,59,65,14.07,broken clouds
658,Teya,RU,60.3778,92.6267,43.0,99,100,5.5,light rain
659,Pijijiapan,MX,15.7011,-93.23,85.55,68,54,6.4,broken clouds
660,Sobolevo,RU,54.4299,31.8996,64.92,83,60,6.08,broken clouds
661,Qasigiannguit,GL,68.8193,-51.1922,44.85,99,100,3.15,light rain
662,Amapa,BR,1.0,-52.0,79.18,71,35,3.83,scattered clouds
663,Kisanga,TZ,-7.4362,37.7034,69.58,68,1,4.25,clear sky
664,Tucurui,BR,-3.7661,-49.6725,83.64,64,47,1.63,scattered clouds
665,Beian,NO,63.6559,9.5683,53.01,93,75,6.91,broken clouds
666,Rio Grande,BR,-32.035,-52.0986,55.51,96,99,21.59,light rain
667,Anaconda,US,46.1285,-112.9423,85.19,17,82,22.03,broken clouds
668,Arroyo,ES,41.6096,-4.7969,78.84,31,0,2.3,clear sky
669,Prince Rupert,CA,54.3161,-130.3201,62.69,81,0,6.91,clear sky
670,Mana,GF,5.6592,-53.7767,81.66,76,39,10.25,scattered clouds
671,Zeya,RU,53.75,127.2667,65.52,94,100,5.95,overcast clouds
672,Sao Raimundo Das Mangabeiras,BR,-7.0219,-45.4811,87.94,39,81,11.23,broken clouds
673,Mattru,SL,7.6244,-11.8332,72.91,97,97,2.46,light rain
674,Litovko,RU,49.2361,135.1742,62.67,94,100,4.16,overcast clouds
675,George,ZA,-33.963,22.4617,47.75,100,100,3.44,overcast clouds
676,Port Blair,IN,11.6667,92.75,81.28,80,99,21.27,overcast clouds
677,Ternate,ID,0.8,127.4,78.55,84,99,7.2,overcast clouds
678,Angoram,PG,-4.0625,144.0661,73.96,100,100,0.38,overcast clouds
679,Chapleau,CA,47.8405,-83.4034,69.89,52,75,6.91,broken clouds
